Date,Shift,Start_Time,Product_ID,Product_Name,Flavor,Bag_Size_g,Planned_Production_Units,Actual_Production_Units,Units_Per_Minute,Total_Time_Run_Minutes,Raw_Material_Used_kg,Waste_Weight_kg,Packaging_Waste_Units,QC_Defects_Count,Downtime_Minutes,Downtime_Reason,Machine_Operator_ID,Supervisor_ID,Clean_Time_Minutes
2025-12-21,Morning,06:00:00,CHEESE-L,Cheese Delight Chips,Cheddar,150,14012,12861,69.7,473,2027.1,97.9,608,22,80,Material Shortage,OP101,SUP01,10
2025-12-07,Morning,06:00:00,CHILI-M,Chili Heat Chips,Spicy Chili,300,10434,9859,69.3,479,3079.4,121.7,275,114,80,QC Hold,OP113,SUP01,15
2025-12-23,Afternoon,14:00:00,BBQ-M,BBQ Crunch Chips,Smokey BBQ,150,12547,11508,70.3,326,1759.9,33.7,149,91,113,QC Hold,OP110,SUP05,7
2025-12-24,Afternoon,14:00:00,CHILI-M,Chili Heat Chips,Spicy Chili,50,16201,14683,60.9,460,767.0,32.9,420,147,29,Changeover,OP101,SUP04,23
2025-12-03,Morning,06:00:00,ONION-L,Creamy Onion Chips,Sour Onion,50,16227,14965,67.7,393,765.3,17.0,413,53,90,QC Hold,OP112,SUP02,43
2025-12-21,Morning,06:00:00,CHILI-M,Chili Heat Chips,Spicy Chili,100,12677,11878,60.4,463,1245.0,57.2,274,83,112,Changeover,OP104,SUP01,25
2025-12-13,Afternoon,14:00:00,CHEESE-L,Cheese Delight Chips,Cheddar,100,24960,24346,72.5,380,2495.9,61.3,561,101,118,Material Shortage,OP103,SUP05,13
2025-12-08,Night,22:00:00,CHILI-M,Chili Heat Chips,Spicy Chili,300,14304,13728,63.6,449,4258.8,140.4,274,35,70,Material Shortage,OP102,SUP01,12
2025-12-05,Night,22:00:00,LIME-S,Lime Zest Chips,Tangy Lime,200,19771,17894,62.6,419,3723.3,144.5,616,2,92,Changeover,OP111,SUP05,26
2025-12-04,Afternoon,14:00:00,SALT-S,Classic Salted Chips,Classic Salt,100,17433,15694,69.4,367,1667.3,97.9,232,129,18,QC Hold,OP114,SUP04,14
2025-12-12,Morning,06:00:00,CHILI-M,Chili Heat Chips,Spicy Chili,300,10009,9487,64.8,328,3017.5,171.4,364,61,12,Equipment Failure,OP115,SUP02,10
2025-12-24,Afternoon,14:00:00,ONION-L,Creamy Onion Chips,Sour Onion,50,22461,21172,57.5,468,1098.6,40.0,612,42,38,Cleaning,OP114,SUP07,18
2025-12-30,Night,22:00:00,ONION-L,Creamy Onion Chips,Sour Onion,100,21680,20052,74.9,466,2071.1,65.9,579,115,20,Equipment Failure,OP104,SUP02,26
2025-12-01,Night,22:00:00,CHILI-M,Chili Heat Chips,Spicy Chili,100,19641,18022,56.4,461,1834.6,32.4,119,8,115,QC Hold,OP102,SUP04,22
2025-12-22,Afternoon,14:00:00,LIME-S,Lime Zest Chips,Tangy Lime,300,12167,11654,72.6,447,3627.8,131.6,534,104,29,Changeover,OP102,SUP07,27
2025-12-14,Afternoon,14:00:00,SALT-S,Classic Salted Chips,Classic Salt,50,21032,20028,67.9,315,1035.7,34.3,397,27,36,Equipment Failure,OP104,SUP08,13
2025-12-14,Morning,06:00:00,BBQ-M,BBQ Crunch Chips,Smokey BBQ,200,14092,13668,56.5,440,2787.7,54.1,717,138,112,Changeover,OP102,SUP04,15
2025-12-14,Afternoon,14:00:00,SALT-S,Classic Salted Chips,Classic Salt,100,24166,22524,56.2,397,2286.9,34.5,449,67,105,Material Shortage,OP105,SUP07,40
2025-12-22,Night,22:00:00,SALT-S,Classic Salted Chips,Classic Salt,100,13111,12111,74.4,448,1272.3,61.2,112,80,12,Changeover,OP110,SUP08,37
2025-12-30,Night,22:00:00,LIME-S,Lime Zest Chips,Tangy Lime,50,18320,16605,58.7,452,845.5,15.2,290,103,20,Cleaning,OP104,SUP01,44
2025-12-03,Afternoon,14:00:00,MASALA-M,Masala Magic Chips,Indian Masala,300,19260,18139,73.7,352,5698.9,257.2,371,61,38,Material Shortage,OP103,SUP05,34
2025-12-11,Morning,06:00:00,CHEESE-L,Cheese Delight Chips,Cheddar,200,20177,19770,74.9,318,4115.3,161.3,568,67,21,QC Hold,OP115,SUP02,20
2025-12-12,Afternoon,14:00:00,LIME-S,Lime Zest Chips,Tangy Lime,200,23660,22322,61.1,467,4644.6,180.2,733,141,43,Changeover,OP115,SUP03,21
2025-12-04,Morning,06:00:00,MASALA-M,Masala Magic Chips,Indian Masala,300,12546,11564,67.1,387,3555.1,85.9,699,67,69,Material Shortage,OP105,SUP01,10
2025-12-21,Afternoon,14:00:00,ONION-L,Creamy Onion Chips,Sour Onion,150,10722,9652,70.4,463,1538.7,90.9,215,113,75,Material Shortage,OP109,SUP01,12
2025-12-03,Night,22:00:00,LIME-S,Lime Zest Chips,Tangy Lime,300,10590,10238,66.7,337,3180.6,109.2,92,78,51,Changeover,OP115,SUP06,18
2025-12-22,Morning,06:00:00,MASALA-M,Masala Magic Chips,Indian Masala,50,15794,15200,72.7,404,807.5,47.5,208,60,115,Equipment Failure,OP113,SUP03,31
2025-12-01,Morning,06:00:00,MASALA-M,Masala Magic Chips,Indian Masala,150,22818,22235,71.0,363,3427.8,92.6,768,27,53,Changeover,OP114,SUP08,19
2025-12-07,Afternoon,14:00:00,BBQ-M,BBQ Crunch Chips,Smokey BBQ,150,23443,22590,59.6,306,3547.1,158.6,458,84,40,Changeover,OP113,SUP05,27
2025-12-21,Night,22:00:00,SALT-S,Classic Salted Chips,Classic Salt,300,15425,15041,57.3,366,4618.7,106.4,321,9,18,Cleaning,OP107,SUP06,25
2025-12-14,Night,22:00:00,CHILI-M,Chili Heat Chips,Spicy Chili,50,16311,15853,58.8,311,831.7,39.1,51,133,108,Cleaning,OP111,SUP04,28
2025-12-14,Morning,06:00:00,MASALA-M,Masala Magic Chips,Indian Masala,150,20209,18695,72.0,376,2914.5,110.2,732,104,46,Material Shortage,OP112,SUP05,40
2025-12-05,Morning,06:00:00,SALT-S,Classic Salted Chips,Classic Salt,200,21097,20249,58.5,445,4168.8,119.0,611,0,43,QC Hold,OP104,SUP07,42
2025-12-20,Night,22:00:00,BBQ-M,BBQ Crunch Chips,Smokey BBQ,200,17238,16123,59.3,421,3396.9,172.3,223,21,41,Cleaning,OP111,SUP06,10
2025-12-27,Morning,06:00:00,MASALA-M,Masala Magic Chips,Indian Masala,150,13680,13194,57.9,311,2032.0,52.9,536,18,63,Material Shortage,OP115,SUP04,29
2025-12-16,Afternoon,14:00:00,LIME-S,Lime Zest Chips,Tangy Lime,100,20748,19814,72.9,327,2085.7,104.3,274,45,107,Cleaning,OP108,SUP01,40
2025-12-08,Morning,06:00:00,SALT-S,Classic Salted Chips,Classic Salt,100,23130,21676,65.6,443,2262.1,94.5,503,129,59,Cleaning,OP108,SUP03,35
2025-12-15,Afternoon,14:00:00,ONION-L,Creamy Onion Chips,Sour Onion,100,23760,22596,70.3,433,2345.9,86.3,294,70,61,Changeover,OP112,SUP05,20
2025-12-09,Afternoon,14:00:00,BBQ-M,BBQ Crunch Chips,Smokey BBQ,300,11320,10313,59.6,477,3163.1,69.2,269,16,58,Material Shortage,OP106,SUP08,31
2025-12-02,Morning,06:00:00,ONION-L,Creamy Onion Chips,Sour Onion,200,16381,15928,66.7,478,3237.0,51.4,639,97,66,Changeover,OP106,SUP05,29
2025-12-28,Afternoon,14:00:00,CHILI-M,Chili Heat Chips,Spicy Chili,300,23105,21909,59.4,356,6757.0,184.3,547,7,54,QC Hold,OP111,SUP07,15
2025-12-27,Afternoon,14:00:00,LIME-S,Lime Zest Chips,Tangy Lime,300,18751,16916,62.9,444,5313.0,238.2,135,109,22,Material Shortage,OP103,SUP01,21
2025-12-13,Afternoon,14:00:00,LIME-S,Lime Zest Chips,Tangy Lime,200,15355,14234,72.6,371,2993.0,146.2,481,64,111,Changeover,OP108,SUP01,39
2025-12-02,Afternoon,14:00:00,LIME-S,Lime Zest Chips,Tangy Lime,50,22799,22265,55.8,307,1181.5,68.2,254,5,84,Equipment Failure,OP104,SUP03,35
2025-12-22,Morning,06:00:00,CHILI-M,Chili Heat Chips,Spicy Chili,100,17619,16843,70.3,342,1758.6,74.3,785,29,104,Equipment Failure,OP105,SUP02,42
2025-12-01,Afternoon,14:00:00,CHILI-M,Chili Heat Chips,Spicy Chili,200,16498,16090,59.0,451,3373.4,155.4,692,62,18,QC Hold,OP114,SUP02,41
2025-12-26,Morning,06:00:00,BBQ-M,BBQ Crunch Chips,Smokey BBQ,300,17018,16216,56.4,465,5017.1,152.3,480,125,18,Material Shortage,OP106,SUP08,14
2025-12-14,Morning,06:00:00,MASALA-M,Masala Magic Chips,Indian Masala,300,20657,19037,71.2,437,6010.8,299.7,526,111,110,Cleaning,OP105,SUP06,20
2025-12-27,Morning,06:00:00,BBQ-M,BBQ Crunch Chips,Smokey BBQ,200,13995,13435,66.4,471,2776.0,89.0,79,126,113,QC Hold,OP103,SUP08,18
2025-12-12,Afternoon,14:00:00,BBQ-M,BBQ Crunch Chips,Smokey BBQ,150,24423,23145,72.6,442,3526.3,54.6,245,21,35,Material Shortage,OP108,SUP04,35
2025-12-21,Night,22:00:00,SALT-S,Classic Salted Chips,Classic Salt,200,22991,20723,60.9,403,4345.0,200.4,363,148,52,Material Shortage,OP109,SUP06,32
2025-12-24,Night,22:00:00,BBQ-M,BBQ Crunch Chips,Smokey BBQ,150,21515,20144,61.1,359,3084.6,63.0,247,80,20,Cleaning,OP113,SUP03,17
2025-12-07,Night,22:00:00,SALT-S,Classic Salted Chips,Classic Salt,150,21871,20715,70.2,452,3195.9,88.7,152,49,42,Equipment Failure,OP106,SUP03,24
2025-12-01,Night,22:00:00,CHILI-M,Chili Heat Chips,Spicy Chili,100,14494,13097,56.1,374,1373.4,63.7,179,125,18,Changeover,OP110,SUP05,35
2025-12-16,Afternoon,14:00:00,BBQ-M,BBQ Crunch Chips,Smokey BBQ,100,10841,9975,72.2,329,1052.2,54.7,460,125,14,Cleaning,OP111,SUP01,14
2025-12-05,Night,22:00:00,BBQ-M,BBQ Crunch Chips,Smokey BBQ,50,14066,12792,70.3,455,667.5,27.9,683,57,104,Cleaning,OP107,SUP08,33
2025-12-10,Night,22:00:00,SALT-S,Classic Salted Chips,Classic Salt,150,19316,18344,67.2,325,2919.9,168.3,262,54,38,Changeover,OP103,SUP04,16
2025-12-18,Morning,06:00:00,LIME-S,Lime Zest Chips,Tangy Lime,50,16693,15625,66.9,374,794.3,13.0,345,72,94,Material Shortage,OP102,SUP04,21
2025-12-26,Night,22:00:00,CHILI-M,Chili Heat Chips,Spicy Chili,100,16965,15424,59.5,338,1633.7,91.3,195,18,12,Equipment Failure,OP113,SUP05,43
2025-12-24,Night,22:00:00,BBQ-M,BBQ Crunch Chips,Smokey BBQ,200,12037,11284,61.1,403,2394.3,137.5,562,138,68,Material Shortage,OP102,SUP01,32
2025-12-24,Afternoon,14:00:00,CHILI-M,Chili Heat Chips,Spicy Chili,150,10423,9456,74.2,447,1479.7,61.3,71,68,78,Changeover,OP113,SUP03,35
2025-12-17,Night,22:00:00,SALT-S,Classic Salted Chips,Classic Salt,150,12973,12710,63.7,425,2025.2,118.7,531,89,57,QC Hold,OP106,SUP02,15
2025-12-11,Afternoon,14:00:00,MASALA-M,Masala Magic Chips,Indian Masala,200,14722,14030,63.0,440,2853.5,47.5,140,80,37,QC Hold,OP102,SUP07,37
2025-12-27,Morning,06:00:00,MASALA-M,Masala Magic Chips,Indian Masala,300,17569,16392,58.8,392,5138.7,221.1,560,113,102,Changeover,OP104,SUP05,40
2025-12-05,Afternoon,14:00:00,SALT-S,Classic Salted Chips,Classic Salt,200,11989,10817,67.6,361,2270.0,106.6,368,141,6,Cleaning,OP107,SUP02,19
2025-12-27,Morning,06:00:00,SALT-S,Classic Salted Chips,Classic Salt,50,20612,19922,65.0,374,1035.3,39.2,329,106,111,Material Shortage,OP108,SUP04,34
2025-12-18,Morning,06:00:00,SALT-S,Classic Salted Chips,Classic Salt,100,19820,18643,72.6,317,1916.9,52.6,474,87,105,Cleaning,OP105,SUP01,23
2025-12-24,Afternoon,14:00:00,ONION-L,Creamy Onion Chips,Sour Onion,300,19501,19109,64.8,338,5941.2,208.5,545,88,47,Cleaning,OP113,SUP07,34
2025-12-30,Afternoon,14:00:00,ONION-L,Creamy Onion Chips,Sour Onion,100,21427,19693,62.7,405,2003.3,34.0,534,97,54,Equipment Failure,OP108,SUP01,13
2025-12-17,Night,22:00:00,BBQ-M,BBQ Crunch Chips,Smokey BBQ,50,24322,23534,57.0,416,1195.5,18.8,197,104,116,Equipment Failure,OP102,SUP08,21
2025-12-11,Night,22:00:00,MASALA-M,Masala Magic Chips,Indian Masala,200,20646,18714,61.6,472,3955.1,212.3,439,81,85,Material Shortage,OP114,SUP01,44
2025-12-03,Morning,06:00:00,MASALA-M,Masala Magic Chips,Indian Masala,150,13727,13174,63.7,325,2078.4,102.3,770,25,61,Equipment Failure,OP112,SUP05,6
2025-12-02,Afternoon,14:00:00,ONION-L,Creamy Onion Chips,Sour Onion,50,14806,13749,63.6,362,715.3,27.8,629,46,26,Equipment Failure,OP102,SUP07,44
2025-12-22,Morning,06:00:00,SALT-S,Classic Salted Chips,Classic Salt,300,12344,11338,67.8,417,3494.0,92.6,59,119,120,QC Hold,OP111,SUP03,9
2025-12-15,Afternoon,14:00:00,CHILI-M,Chili Heat Chips,Spicy Chili,150,20468,19996,68.8,416,3167.4,168.0,253,98,114,Material Shortage,OP102,SUP04,29
2025-12-19,Afternoon,14:00:00,CHILI-M,Chili Heat Chips,Spicy Chili,150,21456,19817,74.6,468,3073.4,100.8,58,144,115,Changeover,OP115,SUP08,23
2025-12-25,Morning,06:00:00,CHILI-M,Chili Heat Chips,Spicy Chili,150,13588,12921,67.4,473,2038.0,99.8,725,35,85,Changeover,OP115,SUP01,24
2025-12-26,Afternoon,14:00:00,CHEESE-L,Cheese Delight Chips,Cheddar,300,15977,15315,56.8,375,4735.1,140.6,475,44,30,Equipment Failure,OP113,SUP06,38
2025-12-17,Afternoon,14:00:00,ONION-L,Creamy Onion Chips,Sour Onion,100,14210,13828,73.9,375,1453.4,70.6,396,29,64,Changeover,OP103,SUP04,30
2025-12-28,Night,22:00:00,BBQ-M,BBQ Crunch Chips,Smokey BBQ,50,22954,21383,60.3,331,1108.5,39.3,738,67,79,Material Shortage,OP114,SUP06,11
2025-12-22,Morning,06:00:00,SALT-S,Classic Salted Chips,Classic Salt,50,20150,19560,66.2,456,1003.0,25.0,114,118,94,QC Hold,OP111,SUP07,12
2025-12-05,Morning,06:00:00,CHEESE-L,Cheese Delight Chips,Cheddar,150,18071,16431,59.7,437,2517.8,53.2,514,94,90,Cleaning,OP107,SUP03,31
2025-12-21,Morning,06:00:00,ONION-L,Creamy Onion Chips,Sour Onion,200,20086,18733,74.0,308,3927.5,180.9,272,113,61,Equipment Failure,OP114,SUP06,11
2025-12-22,Afternoon,14:00:00,CHILI-M,Chili Heat Chips,Spicy Chili,150,10992,10242,58.8,331,1630.4,94.1,515,23,89,Equipment Failure,OP111,SUP01,8
2025-12-26,Afternoon,14:00:00,LIME-S,Lime Zest Chips,Tangy Lime,100,22893,21637,56.4,441,2217.6,53.9,271,59,47,Equipment Failure,OP113,SUP01,22
2025-12-28,Morning,06:00:00,LIME-S,Lime Zest Chips,Tangy Lime,300,14106,13596,57.2,306,4166.0,87.2,416,60,80,QC Hold,OP101,SUP03,21
2025-12-02,Morning,06:00:00,MASALA-M,Masala Magic Chips,Indian Masala,200,18619,16926,56.3,414,3563.4,178.2,575,27,62,Cleaning,OP104,SUP01,38
2025-12-10,Afternoon,14:00:00,MASALA-M,Masala Magic Chips,Indian Masala,50,10996,10774,71.9,409,564.6,25.9,552,113,14,Changeover,OP106,SUP03,9
2025-12-05,Afternoon,14:00:00,CHILI-M,Chili Heat Chips,Spicy Chili,300,18984,18167,62.6,452,5670.5,220.4,514,129,82,Material Shortage,OP102,SUP02,40
2025-12-24,Morning,06:00:00,SALT-S,Classic Salted Chips,Classic Salt,200,24550,22543,61.8,416,4662.2,153.6,797,24,45,Material Shortage,OP106,SUP05,28
2025-12-05,Night,22:00:00,SALT-S,Classic Salted Chips,Classic Salt,50,11494,11109,56.9,324,583.8,28.3,431,33,76,Changeover,OP110,SUP06,12
2025-12-14,Afternoon,14:00:00,ONION-L,Creamy Onion Chips,Sour Onion,200,24222,23574,56.0,373,4921.6,206.8,410,26,78,Cleaning,OP104,SUP03,35
2025-12-08,Morning,06:00:00,BBQ-M,BBQ Crunch Chips,Smokey BBQ,300,16022,14567,60.6,357,4606.5,236.4,624,142,8,Cleaning,OP115,SUP05,6
2025-12-06,Afternoon,14:00:00,MASALA-M,Masala Magic Chips,Indian Masala,150,15567,14447,58.6,336,2258.5,91.4,460,17,23,Changeover,OP102,SUP04,29
2025-12-14,Afternoon,14:00:00,BBQ-M,BBQ Crunch Chips,Smokey BBQ,100,16062,14856,61.5,445,1550.5,64.9,103,39,25,Cleaning,OP101,SUP02,22
2025-12-15,Night,22:00:00,SALT-S,Classic Salted Chips,Classic Salt,200,19946,18656,60.5,431,3807.8,76.6,490,28,41,Cleaning,OP108,SUP05,7
2025-12-08,Afternoon,14:00:00,CHILI-M,Chili Heat Chips,Spicy Chili,50,10125,9278,73.9,335,488.0,24.1,346,83,20,Changeover,OP108,SUP07,16
2025-12-05,Afternoon,14:00:00,CHILI-M,Chili Heat Chips,Spicy Chili,100,18196,17189,68.4,390,1750.8,31.9,93,111,7,Material Shortage,OP115,SUP02,25
2025-12-19,Afternoon,14:00:00,CHILI-M,Chili Heat Chips,Spicy Chili,200,21624,20568,60.8,403,4180.2,66.6,382,43,107,Cleaning,OP108,SUP06,10
2025-12-14,Morning,06:00:00,LIME-S,Lime Zest Chips,Tangy Lime,200,19648,18312,56.6,379,3849.3,186.9,276,85,104,Equipment Failure,OP102,SUP02,38
2025-12-17,Morning,06:00:00,ONION-L,Creamy Onion Chips,Sour Onion,150,15752,15093,71.4,337,2323.5,59.6,199,65,30,Equipment Failure,OP110,SUP03,9
2025-12-06,Night,22:00:00,SALT-S,Classic Salted Chips,Classic Salt,200,22360,21132,66.6,474,4479.9,253.5,628,82,115,QC Hold,OP103,SUP08,9
2025-12-16,Afternoon,14:00:00,MASALA-M,Masala Magic Chips,Indian Masala,150,23047,21248,56.1,429,3246.7,59.5,522,115,9,Changeover,OP106,SUP05,9
2025-12-21,Morning,06:00:00,CHILI-M,Chili Heat Chips,Spicy Chili,300,18307,17039,66.6,310,5298.4,186.7,635,48,46,Cleaning,OP108,SUP03,8
2025-12-15,Morning,06:00:00,ONION-L,Creamy Onion Chips,Sour Onion,150,21703,19679,67.9,310,3031.1,79.2,498,112,72,Cleaning,OP110,SUP03,28
2025-12-12,Afternoon,14:00:00,SALT-S,Classic Salted Chips,Classic Salt,200,22688,21033,67.0,461,4400.8,194.2,117,84,17,Cleaning,OP111,SUP07,23
2025-12-09,Night,22:00:00,ONION-L,Creamy Onion Chips,Sour Onion,300,24307,22168,56.6,469,6795.6,145.2,408,79,88,Material Shortage,OP103,SUP02,24
2025-12-18,Afternoon,14:00:00,MASALA-M,Masala Magic Chips,Indian Masala,150,23323,21229,69.1,475,3373.5,189.2,145,108,70,QC Hold,OP101,SUP06,24
2025-12-06,Morning,06:00:00,BBQ-M,BBQ Crunch Chips,Smokey BBQ,200,13145,12068,57.8,319,2483.9,70.3,153,129,103,Cleaning,OP114,SUP01,26
2025-12-29,Night,22:00:00,LIME-S,Lime Zest Chips,Tangy Lime,300,16172,14754,58.6,477,4657.7,231.5,219,112,10,Material Shortage,OP106,SUP04,33
2025-12-20,Afternoon,14:00:00,ONION-L,Creamy Onion Chips,Sour Onion,200,13833,13040,61.2,420,2761.8,153.8,248,94,91,Cleaning,OP108,SUP08,23
2025-12-25,Afternoon,14:00:00,CHILI-M,Chili Heat Chips,Spicy Chili,300,16859,16476,71.3,454,5050.0,107.2,306,13,87,Material Shortage,OP114,SUP06,40
2025-12-30,Morning,06:00:00,MASALA-M,Masala Magic Chips,Indian Masala,300,23945,21789,56.7,341,6720.0,183.3,575,37,111,Material Shortage,OP102,SUP04,33
2025-12-29,Afternoon,14:00:00,CHEESE-L,Cheese Delight Chips,Cheddar,200,10872,10129,62.5,398,2154.5,128.7,433,57,8,QC Hold,OP115,SUP02,26
2025-12-26,Morning,06:00:00,LIME-S,Lime Zest Chips,Tangy Lime,50,14700,14308,64.4,335,752.4,37.0,530,114,83,Changeover,OP115,SUP02,6
2025-12-09,Morning,06:00:00,ONION-L,Creamy Onion Chips,Sour Onion,100,18991,18520,67.2,408,1889.8,37.8,345,60,43,Changeover,OP101,SUP04,31
2025-12-21,Night,22:00:00,SALT-S,Classic Salted Chips,Classic Salt,50,11816,11425,65.0,437,580.4,9.1,577,147,35,Equipment Failure,OP105,SUP07,5
2025-12-20,Afternoon,14:00:00,LIME-S,Lime Zest Chips,Tangy Lime,300,16825,15394,68.4,434,4907.0,288.8,119,134,74,Cleaning,OP113,SUP01,29
2025-12-28,Afternoon,14:00:00,CHEESE-L,Cheese Delight Chips,Cheddar,200,16116,14831,55.3,317,3059.6,93.4,800,26,103,Cleaning,OP112,SUP06,13
2025-12-02,Afternoon,14:00:00,CHILI-M,Chili Heat Chips,Spicy Chili,150,23328,22194,71.6,475,3453.1,124.0,762,122,85,Equipment Failure,OP113,SUP03,9
2025-12-23,Afternoon,14:00:00,CHEESE-L,Cheese Delight Chips,Cheddar,150,13302,12018,59.0,310,1856.9,54.2,367,131,55,Cleaning,OP108,SUP05,7
2025-12-25,Night,22:00:00,LIME-S,Lime Zest Chips,Tangy Lime,150,15848,15356,56.0,467,2374.5,71.1,177,94,60,Material Shortage,OP112,SUP08,29
2025-12-11,Morning,06:00:00,SALT-S,Classic Salted Chips,Classic Salt,200,16018,15600,65.4,321,3276.3,156.3,130,110,82,Equipment Failure,OP109,SUP05,25
2025-12-04,Morning,06:00:00,BBQ-M,BBQ Crunch Chips,Smokey BBQ,150,15021,14054,69.4,342,2209.8,101.7,409,114,10,QC Hold,OP110,SUP07,22
2025-12-21,Morning,06:00:00,CHEESE-L,Cheese Delight Chips,Cheddar,200,15952,15011,70.0,340,3186.6,184.4,196,112,9,Equipment Failure,OP102,SUP04,28
2025-12-12,Afternoon,14:00:00,CHILI-M,Chili Heat Chips,Spicy Chili,50,19913,18166,64.0,394,938.1,29.8,128,146,22,Cleaning,OP106,SUP07,25
2025-12-21,Afternoon,14:00:00,LIME-S,Lime Zest Chips,Tangy Lime,50,10424,9995,65.0,399,529.5,29.8,170,67,104,QC Hold,OP112,SUP08,18
2025-12-20,Afternoon,14:00:00,MASALA-M,Masala Magic Chips,Indian Masala,200,13279,12081,72.1,415,2472.5,56.3,780,113,16,QC Hold,OP111,SUP06,9
2025-12-18,Night,22:00:00,BBQ-M,BBQ Crunch Chips,Smokey BBQ,150,23948,21854,69.2,479,3427.9,149.8,420,130,33,Changeover,OP104,SUP03,20
2025-12-26,Afternoon,14:00:00,CHEESE-L,Cheese Delight Chips,Cheddar,150,19077,18042,64.3,441,2763.9,57.6,138,16,44,Material Shortage,OP112,SUP08,38
2025-12-14,Afternoon,14:00:00,ONION-L,Creamy Onion Chips,Sour Onion,300,11208,10199,61.3,318,3171.5,111.8,746,132,49,Equipment Failure,OP115,SUP03,13
2025-12-14,Night,22:00:00,ONION-L,Creamy Onion Chips,Sour Onion,50,23621,21493,58.1,342,1099.1,24.4,776,57,49,Cleaning,OP115,SUP05,10
2025-12-09,Morning,06:00:00,MASALA-M,Masala Magic Chips,Indian Masala,300,14496,13191,61.1,436,4034.8,77.5,706,43,80,Cleaning,OP103,SUP03,44
2025-12-24,Night,22:00:00,BBQ-M,BBQ Crunch Chips,Smokey BBQ,300,10674,10311,55.6,311,3282.7,189.4,640,67,88,Equipment Failure,OP113,SUP07,44
2025-12-21,Morning,06:00:00,SALT-S,Classic Salted Chips,Classic Salt,300,14745,14027,61.0,362,4435.2,227.1,751,103,43,Material Shortage,OP102,SUP01,15
2025-12-15,Afternoon,14:00:00,SALT-S,Classic Salted Chips,Classic Salt,200,13342,12370,57.9,381,2598.8,124.8,403,102,21,QC Hold,OP109,SUP02,25
2025-12-08,Afternoon,14:00:00,CHEESE-L,Cheese Delight Chips,Cheddar,150,17366,15973,56.9,374,2542.2,146.2,680,107,36,Equipment Failure,OP114,SUP06,41
2025-12-24,Afternoon,14:00:00,LIME-S,Lime Zest Chips,Tangy Lime,100,18163,17793,64.3,378,1848.4,69.1,142,100,69,Material Shortage,OP104,SUP04,42
2025-12-12,Morning,06:00:00,CHEESE-L,Cheese Delight Chips,Cheddar,150,18108,17162,71.9,472,2670.9,96.6,599,2,113,Changeover,OP107,SUP03,21
2025-12-24,Afternoon,14:00:00,ONION-L,Creamy Onion Chips,Sour Onion,200,15995,14453,56.0,443,2961.0,70.4,616,73,14,Material Shortage,OP109,SUP08,40
2025-12-09,Night,22:00:00,MASALA-M,Masala Magic Chips,Indian Masala,300,11946,10874,56.9,395,3436.7,174.5,397,142,51,Equipment Failure,OP104,SUP07,37
2025-12-02,Morning,06:00:00,CHEESE-L,Cheese Delight Chips,Cheddar,100,21691,20099,64.5,416,2054.5,44.6,577,35,46,Cleaning,OP106,SUP03,30
2025-12-20,Night,22:00:00,ONION-L,Creamy Onion Chips,Sour Onion,150,19727,18285,71.6,436,2848.3,105.6,626,76,65,Changeover,OP106,SUP06,12
2025-12-14,Night,22:00:00,BBQ-M,BBQ Crunch Chips,Smokey BBQ,50,19779,18552,74.3,448,967.3,39.7,788,13,79,Material Shortage,OP103,SUP07,14
2025-12-27,Night,22:00:00,LIME-S,Lime Zest Chips,Tangy Lime,50,19380,18912,57.2,304,979.7,34.1,478,38,57,Equipment Failure,OP107,SUP08,8
2025-12-23,Morning,06:00:00,CHILI-M,Chili Heat Chips,Spicy Chili,100,19189,17769,68.2,434,1835.6,58.7,227,117,73,QC Hold,OP109,SUP06,21
2025-12-20,Afternoon,14:00:00,LIME-S,Lime Zest Chips,Tangy Lime,100,14571,13764,59.5,376,1448.4,72.0,771,53,93,Material Shortage,OP106,SUP08,27
2025-12-18,Night,22:00:00,BBQ-M,BBQ Crunch Chips,Smokey BBQ,150,11996,11346,65.9,401,1794.9,93.0,199,74,10,QC Hold,OP112,SUP02,27
2025-12-30,Afternoon,14:00:00,MASALA-M,Masala Magic Chips,Indian Masala,150,22244,20872,59.0,437,3218.3,87.5,625,69,22,Changeover,OP110,SUP04,20
2025-12-02,Night,22:00:00,CHILI-M,Chili Heat Chips,Spicy Chili,100,20452,18787,57.0,384,1971.9,93.2,152,35,5,Cleaning,OP115,SUP03,31
2025-12-21,Afternoon,14:00:00,SALT-S,Classic Salted Chips,Classic Salt,100,22384,21871,61.4,465,2226.4,39.3,141,146,34,Cleaning,OP112,SUP01,16
2025-12-14,Morning,06:00:00,CHEESE-L,Cheese Delight Chips,Cheddar,200,22909,21525,73.7,374,4552.9,247.9,59,76,77,Cleaning,OP102,SUP06,23
2025-12-15,Night,22:00:00,CHILI-M,Chili Heat Chips,Spicy Chili,300,18092,17569,57.7,429,5467.9,197.2,247,28,47,Equipment Failure,OP112,SUP08,21
2025-12-23,Morning,06:00:00,CHEESE-L,Cheese Delight Chips,Cheddar,150,22955,21201,68.5,349,3254.7,74.5,704,103,110,Material Shortage,OP109,SUP06,10
2025-12-13,Night,22:00:00,CHEESE-L,Cheese Delight Chips,Cheddar,100,12303,11542,73.7,301,1185.9,31.7,291,114,101,QC Hold,OP106,SUP05,42
2025-12-24,Night,22:00:00,CHEESE-L,Cheese Delight Chips,Cheddar,150,20709,19233,59.7,470,2944.8,59.9,364,40,56,Cleaning,OP115,SUP05,12
2025-12-21,Afternoon,14:00:00,BBQ-M,BBQ Crunch Chips,Smokey BBQ,300,13618,12494,57.7,339,3886.1,137.9,670,95,58,Cleaning,OP115,SUP08,39
2025-12-26,Night,22:00:00,ONION-L,Creamy Onion Chips,Sour Onion,100,22482,20678,70.1,320,2150.9,83.1,590,92,14,Cleaning,OP102,SUP01,40
2025-12-29,Night,22:00:00,LIME-S,Lime Zest Chips,Tangy Lime,300,18792,17138,61.6,433,5327.2,185.8,746,52,96,Cleaning,OP108,SUP02,37
2025-12-15,Morning,06:00:00,SALT-S,Classic Salted Chips,Classic Salt,100,18409,17179,66.3,443,1781.7,63.8,365,5,55,QC Hold,OP114,SUP01,18
2025-12-19,Morning,06:00:00,CHEESE-L,Cheese Delight Chips,Cheddar,200,15644,14956,65.8,315,3172.2,181.0,120,120,9,QC Hold,OP107,SUP03,13
2025-12-25,Night,22:00:00,MASALA-M,Masala Magic Chips,Indian Masala,200,16135,15803,62.6,396,3264.8,104.2,749,138,22,QC Hold,OP102,SUP03,39
2025-12-13,Night,22:00:00,LIME-S,Lime Zest Chips,Tangy Lime,100,23677,21315,55.5,376,2210.7,79.2,786,139,59,Cleaning,OP107,SUP04,20
2025-12-15,Afternoon,14:00:00,LIME-S,Lime Zest Chips,Tangy Lime,150,13088,12760,69.5,328,1946.0,32.0,726,107,83,Changeover,OP104,SUP04,9
2025-12-04,Night,22:00:00,CHEESE-L,Cheese Delight Chips,Cheddar,200,19794,18878,72.4,362,3967.3,191.7,461,112,34,Cleaning,OP104,SUP01,13
2025-12-17,Afternoon,14:00:00,LIME-S,Lime Zest Chips,Tangy Lime,300,15224,14404,70.5,382,4435.0,113.8,196,133,33,Material Shortage,OP105,SUP05,8
2025-12-18,Night,22:00:00,MASALA-M,Masala Magic Chips,Indian Masala,100,20256,19330,66.1,312,2053.7,120.7,708,97,105,Cleaning,OP106,SUP07,31
2025-12-05,Afternoon,14:00:00,SALT-S,Classic Salted Chips,Classic Salt,100,22360,21086,59.8,357,2170.5,61.9,774,36,108,Material Shortage,OP115,SUP01,40
2025-12-14,Afternoon,14:00:00,CHILI-M,Chili Heat Chips,Spicy Chili,300,12196,11355,60.1,384,3563.7,157.2,510,94,16,Cleaning,OP112,SUP04,8
2025-12-09,Afternoon,14:00:00,MASALA-M,Masala Magic Chips,Indian Masala,300,19878,17953,56.5,450,5655.0,269.1,622,55,66,Equipment Failure,OP114,SUP06,24
2025-12-30,Morning,06:00:00,LIME-S,Lime Zest Chips,Tangy Lime,100,22148,20141,75.0,422,2133.9,119.8,762,52,55,Equipment Failure,OP109,SUP06,23
2025-12-13,Afternoon,14:00:00,CHILI-M,Chili Heat Chips,Spicy Chili,150,15053,13862,65.3,427,2156.9,77.6,789,120,102,QC Hold,OP115,SUP04,28
2025-12-11,Afternoon,14:00:00,CHEESE-L,Cheese Delight Chips,Cheddar,300,24157,22168,57.9,366,6926.8,276.4,648,148,97,Material Shortage,OP105,SUP03,17
2025-12-11,Morning,06:00:00,SALT-S,Classic Salted Chips,Classic Salt,300,23653,21752,66.0,475,6728.7,203.1,550,125,63,Equipment Failure,OP112,SUP06,15
2025-12-05,Night,22:00:00,CHILI-M,Chili Heat Chips,Spicy Chili,200,13015,12668,65.8,464,2689.8,156.2,586,8,112,Changeover,OP114,SUP01,5
2025-12-14,Morning,06:00:00,ONION-L,Creamy Onion Chips,Sour Onion,100,11113,10630,55.2,429,1102.1,39.1,111,123,89,Material Shortage,OP101,SUP01,39
2025-12-18,Afternoon,14:00:00,CHEESE-L,Cheese Delight Chips,Cheddar,50,18673,17884,65.7,373,908.5,14.3,764,110,108,Equipment Failure,OP102,SUP02,38
2025-12-05,Morning,06:00:00,LIME-S,Lime Zest Chips,Tangy Lime,300,18625,17138,62.1,401,5238.6,97.2,465,117,77,Equipment Failure,OP112,SUP04,24
2025-12-22,Morning,06:00:00,MASALA-M,Masala Magic Chips,Indian Masala,50,11531,10751,62.5,421,547.1,9.6,59,43,15,Material Shortage,OP114,SUP07,26
2025-12-19,Morning,06:00:00,CHILI-M,Chili Heat Chips,Spicy Chili,50,13764,12620,72.4,445,654.8,23.8,97,19,92,QC Hold,OP115,SUP01,16
2025-12-30,Afternoon,14:00:00,CHEESE-L,Cheese Delight Chips,Cheddar,100,19617,17881,71.4,401,1895.8,107.7,356,41,77,Equipment Failure,OP110,SUP07,39
2025-12-11,Afternoon,14:00:00,ONION-L,Creamy Onion Chips,Sour Onion,100,22951,22470,69.5,428,2361.6,114.6,404,13,17,Material Shortage,OP104,SUP02,26
2025-12-20,Night,22:00:00,CHILI-M,Chili Heat Chips,Spicy Chili,200,22673,20997,67.7,415,4361.1,161.7,414,141,53,Material Shortage,OP103,SUP07,10
2025-12-25,Night,22:00:00,BBQ-M,BBQ Crunch Chips,Smokey BBQ,100,21683,19642,60.4,397,2061.1,96.9,699,39,99,Material Shortage,OP106,SUP06,11
2025-12-03,Morning,06:00:00,BBQ-M,BBQ Crunch Chips,Smokey BBQ,200,15896,15274,57.0,322,3128.1,73.3,509,142,76,Cleaning,OP107,SUP02,6
2025-12-03,Afternoon,14:00:00,CHILI-M,Chili Heat Chips,Spicy Chili,50,19780,18748,61.5,398,952.2,14.8,473,99,104,Changeover,OP112,SUP04,41
2025-12-17,Morning,06:00:00,MASALA-M,Masala Magic Chips,Indian Masala,200,12777,11641,61.0,426,2379.5,51.3,221,111,40,Material Shortage,OP105,SUP08,9
2025-12-12,Afternoon,14:00:00,LIME-S,Lime Zest Chips,Tangy Lime,200,19728,18728,64.2,334,3856.3,110.7,455,85,112,Cleaning,OP107,SUP06,33
2025-12-11,Afternoon,14:00:00,ONION-L,Creamy Onion Chips,Sour Onion,300,12230,11300,67.1,477,3473.5,83.5,371,45,55,QC Hold,OP105,SUP08,41
2025-12-26,Morning,06:00:00,BBQ-M,BBQ Crunch Chips,Smokey BBQ,200,14592,14085,62.9,329,2987.1,170.1,254,139,28,Cleaning,OP101,SUP08,18
2025-12-15,Afternoon,14:00:00,ONION-L,Creamy Onion Chips,Sour Onion,50,23417,22663,70.9,472,1177.3,44.1,698,77,35,QC Hold,OP111,SUP03,32
2025-12-26,Afternoon,14:00:00,CHEESE-L,Cheese Delight Chips,Cheddar,200,19796,18575,63.0,429,3937.7,222.7,758,107,74,Changeover,OP113,SUP06,39
2025-12-20,Night,22:00:00,CHEESE-L,Cheese Delight Chips,Cheddar,50,22598,20786,68.3,342,1087.3,48.0,95,144,87,Material Shortage,OP113,SUP06,32
2025-12-04,Morning,06:00:00,CHEESE-L,Cheese Delight Chips,Cheddar,150,13637,12830,65.4,448,2017.2,92.7,276,114,52,Material Shortage,OP108,SUP03,27
2025-12-01,Afternoon,14:00:00,CHEESE-L,Cheese Delight Chips,Cheddar,150,16815,16371,56.7,336,2533.4,77.8,401,116,105,Equipment Failure,OP109,SUP08,27
2025-12-16,Morning,06:00:00,SALT-S,Classic Salted Chips,Classic Salt,200,15225,13784,55.9,329,2801.7,44.9,401,27,91,Equipment Failure,OP115,SUP04,38
2025-12-06,Night,22:00:00,LIME-S,Lime Zest Chips,Tangy Lime,150,19172,17908,64.2,403,2807.9,121.7,240,110,55,Changeover,OP112,SUP04,33
2025-12-19,Afternoon,14:00:00,SALT-S,Classic Salted Chips,Classic Salt,50,21546,19761,60.6,480,1041.6,53.5,114,147,18,Cleaning,OP103,SUP06,25
2025-12-07,Afternoon,14:00:00,CHEESE-L,Cheese Delight Chips,Cheddar,150,20988,20337,65.6,463,3142.0,91.4,447,100,80,Changeover,OP106,SUP06,34
2025-12-20,Morning,06:00:00,ONION-L,Creamy Onion Chips,Sour Onion,150,20067,19007,68.4,380,2910.1,59.0,362,29,28,QC Hold,OP112,SUP03,37
2025-12-13,Afternoon,14:00:00,CHILI-M,Chili Heat Chips,Spicy Chili,100,19417,18071,58.7,462,1880.8,73.7,710,44,76,Equipment Failure,OP108,SUP05,13
2025-12-06,Afternoon,14:00:00,ONION-L,Creamy Onion Chips,Sour Onion,200,20148,18219,62.2,302,3783.0,139.2,249,98,76,Cleaning,OP111,SUP08,31
2025-12-22,Afternoon,14:00:00,SALT-S,Classic Salted Chips,Classic Salt,200,18006,16446,66.3,356,3384.5,95.3,331,57,73,QC Hold,OP103,SUP08,41
2025-12-24,Afternoon,14:00:00,CHILI-M,Chili Heat Chips,Spicy Chili,300,11854,11211,60.4,439,3548.0,184.7,425,138,110,Changeover,OP113,SUP08,39
2025-12-07,Afternoon,14:00:00,CHEESE-L,Cheese Delight Chips,Cheddar,100,14877,14430,55.6,367,1488.7,45.7,139,112,115,Changeover,OP113,SUP04,18
2025-12-26,Night,22:00:00,CHILI-M,Chili Heat Chips,Spicy Chili,150,24107,23067,67.7,342,3614.5,154.4,261,52,108,Changeover,OP110,SUP06,39
2025-12-09,Night,22:00:00,CHILI-M,Chili Heat Chips,Spicy Chili,100,15302,14970,60.9,446,1538.6,41.6,576,24,22,Material Shortage,OP115,SUP01,22
2025-12-28,Night,22:00:00,LIME-S,Lime Zest Chips,Tangy Lime,100,14090,12845,61.4,363,1351.1,66.6,742,100,67,Equipment Failure,OP110,SUP05,45
2025-12-14,Afternoon,14:00:00,SALT-S,Classic Salted Chips,Classic Salt,50,20381,19638,70.4,403,1020.9,39.0,334,94,63,Material Shortage,OP106,SUP01,10
2025-12-24,Afternoon,14:00:00,MASALA-M,Masala Magic Chips,Indian Masala,150,23928,21656,65.7,355,3450.5,202.1,266,126,39,QC Hold,OP114,SUP05,26
2025-12-18,Night,22:00:00,LIME-S,Lime Zest Chips,Tangy Lime,300,23966,22499,61.9,474,7099.7,350.0,97,25,85,Material Shortage,OP101,SUP02,15
2025-12-15,Afternoon,14:00:00,CHEESE-L,Cheese Delight Chips,Cheddar,200,13314,13043,73.2,466,2685.4,76.8,330,23,88,QC Hold,OP105,SUP02,28
2025-12-22,Night,22:00:00,LIME-S,Lime Zest Chips,Tangy Lime,50,16493,15669,69.5,359,811.3,27.8,143,24,5,Equipment Failure,OP108,SUP02,13
2025-12-19,Morning,06:00:00,CHILI-M,Chili Heat Chips,Spicy Chili,200,10152,9143,61.9,330,1944.2,115.6,482,33,66,Changeover,OP104,SUP07,10
2025-12-24,Morning,06:00:00,CHEESE-L,Cheese Delight Chips,Cheddar,150,16022,15549,57.7,334,2439.4,107.1,743,36,13,Cleaning,OP110,SUP01,44
2025-12-21,Morning,06:00:00,SALT-S,Classic Salted Chips,Classic Salt,150,21836,20024,70.0,405,3137.7,134.1,503,55,16,Changeover,OP103,SUP02,42
2025-12-24,Afternoon,14:00:00,BBQ-M,BBQ Crunch Chips,Smokey BBQ,200,15152,14595,60.0,465,2974.9,55.9,616,72,104,Changeover,OP114,SUP05,18
2025-12-17,Night,22:00:00,CHILI-M,Chili Heat Chips,Spicy Chili,100,22252,20724,67.9,361,2152.6,80.2,165,61,68,Cleaning,OP102,SUP01,28
2025-12-30,Afternoon,14:00:00,LIME-S,Lime Zest Chips,Tangy Lime,200,24103,23310,63.4,439,4885.4,223.4,532,18,7,Cleaning,OP102,SUP01,21
2025-12-07,Morning,06:00:00,CHEESE-L,Cheese Delight Chips,Cheddar,200,18300,16889,69.3,406,3496.9,119.1,461,21,86,Cleaning,OP109,SUP03,22
2025-12-03,Afternoon,14:00:00,CHEESE-L,Cheese Delight Chips,Cheddar,300,13329,13035,58.1,383,4042.2,131.7,699,16,44,Material Shortage,OP112,SUP04,8
2025-12-08,Morning,06:00:00,SALT-S,Classic Salted Chips,Classic Salt,50,17428,16538,56.1,470,868.9,42.0,229,30,6,Equipment Failure,OP112,SUP01,15
2025-12-16,Afternoon,14:00:00,CHILI-M,Chili Heat Chips,Spicy Chili,300,22828,22047,60.2,395,6754.0,139.9,325,30,103,Changeover,OP106,SUP07,22
2025-12-17,Morning,06:00:00,BBQ-M,BBQ Crunch Chips,Smokey BBQ,300,20281,18377,64.1,392,5611.3,98.2,630,42,52,Equipment Failure,OP105,SUP02,41
2025-12-22,Night,22:00:00,CHEESE-L,Cheese Delight Chips,Cheddar,100,22136,20823,55.9,303,2137.9,55.6,533,93,54,Equipment Failure,OP103,SUP01,40
2025-12-26,Night,22:00:00,MASALA-M,Masala Magic Chips,Indian Masala,200,13678,12662,63.3,381,2603.2,70.8,129,146,52,Changeover,OP109,SUP01,16
2025-12-08,Night,22:00:00,CHEESE-L,Cheese Delight Chips,Cheddar,200,11129,10796,72.3,379,2225.4,66.2,616,116,6,QC Hold,OP104,SUP05,41
2025-12-26,Afternoon,14:00:00,MASALA-M,Masala Magic Chips,Indian Masala,300,13974,13095,66.8,426,4178.8,250.3,250,139,102,Equipment Failure,OP103,SUP01,31
2025-12-01,Morning,06:00:00,CHILI-M,Chili Heat Chips,Spicy Chili,150,20419,19748,72.5,385,3007.5,45.3,723,96,113,QC Hold,OP102,SUP04,38
2025-12-08,Afternoon,14:00:00,SALT-S,Classic Salted Chips,Classic Salt,50,12332,11800,56.9,359,624.6,34.6,582,105,94,QC Hold,OP108,SUP02,42
2025-12-04,Night,22:00:00,LIME-S,Lime Zest Chips,Tangy Lime,200,11226,10634,56.2,469,2258.7,131.9,292,74,38,QC Hold,OP115,SUP07,25
2025-12-11,Afternoon,14:00:00,BBQ-M,BBQ Crunch Chips,Smokey BBQ,100,11223,10947,57.7,449,1116.9,22.2,158,42,62,Material Shortage,OP106,SUP07,12
2025-12-18,Afternoon,14:00:00,ONION-L,Creamy Onion Chips,Sour Onion,100,17404,16092,60.3,330,1640.5,31.3,752,77,110,Cleaning,OP101,SUP04,25
2025-12-05,Morning,06:00:00,MASALA-M,Masala Magic Chips,Indian Masala,100,15828,14746,56.0,376,1515.1,40.5,228,7,56,Material Shortage,OP109,SUP04,11
2025-12-15,Morning,06:00:00,ONION-L,Creamy Onion Chips,Sour Onion,100,11989,10801,71.6,356,1103.1,23.0,460,95,92,Changeover,OP110,SUP05,9
2025-12-01,Morning,06:00:00,LIME-S,Lime Zest Chips,Tangy Lime,200,23259,21172,73.1,384,4323.1,88.7,522,12,26,Cleaning,OP107,SUP07,36
2025-12-01,Afternoon,14:00:00,MASALA-M,Masala Magic Chips,Indian Masala,200,12831,11911,73.2,370,2449.8,67.6,202,8,83,Cleaning,OP110,SUP04,23
2025-12-16,Afternoon,14:00:00,CHILI-M,Chili Heat Chips,Spicy Chili,200,10999,9976,62.7,407,2044.2,49.0,588,63,85,Cleaning,OP113,SUP01,29
2025-12-26,Night,22:00:00,BBQ-M,BBQ Crunch Chips,Smokey BBQ,200,18921,18211,61.9,444,3784.5,142.3,447,69,28,Changeover,OP106,SUP04,6
2025-12-29,Afternoon,14:00:00,CHEESE-L,Cheese Delight Chips,Cheddar,200,18674,17340,66.7,359,3684.8,216.8,152,63,89,Equipment Failure,OP105,SUP01,19
2025-12-19,Afternoon,14:00:00,BBQ-M,BBQ Crunch Chips,Smokey BBQ,100,12885,11840,61.4,478,1222.1,38.1,655,7,95,QC Hold,OP110,SUP03,41
2025-12-07,Afternoon,14:00:00,CHILI-M,Chili Heat Chips,Spicy Chili,150,12876,12093,56.8,359,1893.6,79.6,70,134,66,Changeover,OP106,SUP04,13
2025-12-11,Night,22:00:00,LIME-S,Lime Zest Chips,Tangy Lime,150,10975,9896,66.7,336,1562.3,77.9,588,93,14,QC Hold,OP112,SUP07,42
2025-12-04,Afternoon,14:00:00,BBQ-M,BBQ Crunch Chips,Smokey BBQ,150,12235,11966,69.6,411,1890.6,95.7,548,81,27,Cleaning,OP112,SUP06,19
2025-12-22,Night,22:00:00,ONION-L,Creamy Onion Chips,Sour Onion,100,16199,14976,68.8,332,1532.9,35.3,51,146,55,Cleaning,OP101,SUP03,43
2025-12-11,Night,22:00:00,LIME-S,Lime Zest Chips,Tangy Lime,300,11705,11411,57.8,319,3513.6,90.3,377,42,86,Changeover,OP114,SUP06,33
2025-12-01,Afternoon,14:00:00,LIME-S,Lime Zest Chips,Tangy Lime,100,21356,19336,60.1,327,2029.9,96.3,99,98,61,Material Shortage,OP103,SUP07,36
2025-12-29,Afternoon,14:00:00,BBQ-M,BBQ Crunch Chips,Smokey BBQ,300,16149,14665,64.6,447,4603.4,203.9,753,57,25,Material Shortage,OP102,SUP01,23
2025-12-01,Afternoon,14:00:00,BBQ-M,BBQ Crunch Chips,Smokey BBQ,50,11215,10400,72.8,341,546.2,26.2,610,23,48,Cleaning,OP110,SUP08,6
2025-12-14,Night,22:00:00,LIME-S,Lime Zest Chips,Tangy Lime,300,24577,22973,56.1,384,7063.2,171.3,244,104,94,Cleaning,OP112,SUP05,23
2025-12-10,Morning,06:00:00,CHEESE-L,Cheese Delight Chips,Cheddar,50,16437,15545,71.8,339,791.1,13.9,53,109,16,QC Hold,OP114,SUP08,17
2025-12-04,Morning,06:00:00,LIME-S,Lime Zest Chips,Tangy Lime,100,20456,18887,56.6,329,1944.9,56.2,457,120,67,QC Hold,OP102,SUP07,16
2025-12-12,Afternoon,14:00:00,BBQ-M,BBQ Crunch Chips,Smokey BBQ,100,17303,15634,63.8,367,1603.8,40.4,325,144,12,Equipment Failure,OP113,SUP02,10
2025-12-22,Afternoon,14:00:00,ONION-L,Creamy Onion Chips,Sour Onion,300,16782,16407,66.8,441,5011.0,88.9,446,133,58,Cleaning,OP111,SUP08,41
2025-12-29,Morning,06:00:00,SALT-S,Classic Salted Chips,Classic Salt,150,11293,10520,72.1,308,1639.6,61.6,579,146,91,Cleaning,OP103,SUP02,33
2025-12-06,Morning,06:00:00,LIME-S,Lime Zest Chips,Tangy Lime,100,12067,10901,56.6,474,1129.2,39.1,692,37,111,Cleaning,OP105,SUP06,9
2025-12-03,Afternoon,14:00:00,CHILI-M,Chili Heat Chips,Spicy Chili,200,19044,17636,60.5,417,3737.5,210.3,62,150,71,Material Shortage,OP102,SUP07,14
2025-12-05,Night,22:00:00,CHILI-M,Chili Heat Chips,Spicy Chili,300,22425,21913,57.0,327,6850.1,276.2,153,73,116,Cleaning,OP115,SUP06,31
2025-12-09,Afternoon,14:00:00,MASALA-M,Masala Magic Chips,Indian Masala,200,19372,18378,55.7,370,3801.6,126.0,683,102,9,Material Shortage,OP115,SUP06,20
2025-12-02,Night,22:00:00,SALT-S,Classic Salted Chips,Classic Salt,150,24696,22962,61.8,377,3547.1,102.8,553,25,116,Equipment Failure,OP103,SUP05,33
2025-12-25,Afternoon,14:00:00,BBQ-M,BBQ Crunch Chips,Smokey BBQ,200,19911,18948,58.8,354,4014.9,225.3,466,124,102,Cleaning,OP114,SUP06,8
2025-12-17,Morning,06:00:00,CHEESE-L,Cheese Delight Chips,Cheddar,150,21625,20339,57.7,434,3226.9,176.1,79,44,29,Equipment Failure,OP114,SUP01,20
2025-12-02,Afternoon,14:00:00,CHEESE-L,Cheese Delight Chips,Cheddar,150,21544,19732,62.4,418,3075.9,116.1,700,31,92,Changeover,OP104,SUP06,36
2025-12-20,Afternoon,14:00:00,LIME-S,Lime Zest Chips,Tangy Lime,200,19615,18518,61.9,366,3893.2,189.6,755,23,41,Changeover,OP107,SUP01,15
2025-12-28,Night,22:00:00,ONION-L,Creamy Onion Chips,Sour Onion,100,24042,22063,59.5,352,2267.8,61.5,469,131,7,Changeover,OP108,SUP03,16
2025-12-20,Morning,06:00:00,LIME-S,Lime Zest Chips,Tangy Lime,150,19967,19256,61.1,464,2969.7,81.3,435,89,63,QC Hold,OP104,SUP08,24
2025-12-22,Night,22:00:00,ONION-L,Creamy Onion Chips,Sour Onion,300,16506,15627,55.1,469,4979.4,291.3,433,143,87,Cleaning,OP110,SUP05,24
2025-12-22,Morning,06:00:00,SALT-S,Classic Salted Chips,Classic Salt,50,15509,15184,67.8,370,780.1,20.9,778,76,29,Equipment Failure,OP109,SUP04,8
2025-12-26,Night,22:00:00,SALT-S,Classic Salted Chips,Classic Salt,150,21153,19274,55.5,427,3075.3,184.2,315,107,56,Material Shortage,OP112,SUP01,42
2025-12-23,Night,22:00:00,ONION-L,Creamy Onion Chips,Sour Onion,100,15622,14967,59.4,436,1565.1,68.4,537,91,69,QC Hold,OP114,SUP03,40
2025-12-06,Afternoon,14:00:00,CHEESE-L,Cheese Delight Chips,Cheddar,200,12096,11603,69.5,443,2441.0,120.4,237,85,88,Changeover,OP104,SUP06,19
2025-12-24,Afternoon,14:00:00,SALT-S,Classic Salted Chips,Classic Salt,150,16089,14815,60.9,330,2305.7,83.4,699,149,79,Cleaning,OP102,SUP08,17
2025-12-17,Morning,06:00:00,ONION-L,Creamy Onion Chips,Sour Onion,200,18680,17257,56.1,338,3526.1,74.7,255,87,57,Cleaning,OP115,SUP08,14
2025-12-11,Night,22:00:00,LIME-S,Lime Zest Chips,Tangy Lime,50,17988,16667,74.7,380,871.3,37.9,54,115,40,Equipment Failure,OP113,SUP03,41
2025-12-25,Morning,06:00:00,SALT-S,Classic Salted Chips,Classic Salt,50,12120,11503,67.7,403,595.6,20.5,538,98,5,Changeover,OP109,SUP04,28
2025-12-01,Afternoon,14:00:00,ONION-L,Creamy Onion Chips,Sour Onion,300,13122,11828,55.1,363,3640.1,91.7,402,79,21,Changeover,OP107,SUP05,15
2025-12-03,Morning,06:00:00,BBQ-M,BBQ Crunch Chips,Smokey BBQ,150,17469,16739,66.9,386,2600.6,89.8,753,34,48,Material Shortage,OP106,SUP04,15
2025-12-30,Afternoon,14:00:00,CHEESE-L,Cheese Delight Chips,Cheddar,100,13675,13103,57.6,305,1367.1,56.8,223,31,51,Changeover,OP107,SUP05,39
2025-12-20,Morning,06:00:00,CHILI-M,Chili Heat Chips,Spicy Chili,50,20845,18940,71.7,312,992.7,45.7,476,113,53,Changeover,OP109,SUP05,35
2025-12-23,Morning,06:00:00,LIME-S,Lime Zest Chips,Tangy Lime,50,14933,13942,57.0,433,716.6,19.5,670,35,58,Changeover,OP109,SUP02,23
2025-12-04,Morning,06:00:00,SALT-S,Classic Salted Chips,Classic Salt,100,19977,18298,60.3,433,1944.1,114.3,416,104,42,Equipment Failure,OP101,SUP08,18
2025-12-23,Afternoon,14:00:00,BBQ-M,BBQ Crunch Chips,Smokey BBQ,100,10044,9049,56.8,328,955.1,50.2,735,126,24,Changeover,OP113,SUP02,11
2025-12-29,Afternoon,14:00:00,MASALA-M,Masala Magic Chips,Indian Masala,100,17483,17117,60.9,418,1741.8,30.1,228,10,114,QC Hold,OP106,SUP06,32
2025-12-24,Morning,06:00:00,CHEESE-L,Cheese Delight Chips,Cheddar,50,10158,9834,68.3,343,506.8,15.1,498,68,117,Changeover,OP106,SUP06,16
2025-12-04,Afternoon,14:00:00,SALT-S,Classic Salted Chips,Classic Salt,200,14453,13973,68.8,422,2944.8,150.2,714,42,19,Equipment Failure,OP112,SUP01,15
2025-12-04,Afternoon,14:00:00,CHILI-M,Chili Heat Chips,Spicy Chili,200,23144,21883,63.8,456,4521.7,145.1,417,7,115,Equipment Failure,OP108,SUP08,12
2025-12-29,Afternoon,14:00:00,SALT-S,Classic Salted Chips,Classic Salt,50,11037,10164,61.3,480,537.3,29.1,587,147,97,Cleaning,OP104,SUP06,38
2025-12-17,Night,22:00:00,MASALA-M,Masala Magic Chips,Indian Masala,300,11560,10804,69.5,423,3343.4,102.2,742,98,24,Cleaning,OP115,SUP01,5
2025-12-21,Morning,06:00:00,CHILI-M,Chili Heat Chips,Spicy Chili,200,23957,22511,58.3,425,4638.7,136.5,388,71,11,Cleaning,OP104,SUP07,30
2025-12-27,Morning,06:00:00,CHEESE-L,Cheese Delight Chips,Cheddar,200,17277,16656,64.0,427,3452.4,121.2,171,127,100,Changeover,OP102,SUP07,31
2025-12-02,Night,22:00:00,CHILI-M,Chili Heat Chips,Spicy Chili,50,23531,21349,67.1,458,1116.2,48.8,570,143,31,Material Shortage,OP106,SUP06,8
2025-12-27,Morning,06:00:00,ONION-L,Creamy Onion Chips,Sour Onion,200,15439,14586,67.4,421,3061.9,144.7,422,115,19,Changeover,OP113,SUP04,5
2025-12-11,Afternoon,14:00:00,ONION-L,Creamy Onion Chips,Sour Onion,150,18973,17867,69.0,311,2837.1,157.0,554,35,110,Material Shortage,OP102,SUP05,44
2025-12-07,Morning,06:00:00,CHEESE-L,Cheese Delight Chips,Cheddar,200,13532,12673,70.6,386,2585.9,51.3,474,11,86,Cleaning,OP102,SUP08,34
2025-12-22,Night,22:00:00,CHILI-M,Chili Heat Chips,Spicy Chili,100,18172,16361,69.7,441,1735.2,99.1,649,123,70,Equipment Failure,OP112,SUP03,13
2025-12-04,Afternoon,14:00:00,MASALA-M,Masala Magic Chips,Indian Masala,300,19931,19345,65.1,398,6006.8,203.3,673,63,40,Material Shortage,OP106,SUP05,33
2025-12-26,Morning,06:00:00,LIME-S,Lime Zest Chips,Tangy Lime,200,19871,18996,70.0,376,4011.6,212.4,610,80,96,Cleaning,OP111,SUP04,17
2025-12-07,Night,22:00:00,MASALA-M,Masala Magic Chips,Indian Masala,150,21249,19711,68.4,466,3141.6,184.9,232,128,74,QC Hold,OP112,SUP02,27
2025-12-18,Afternoon,14:00:00,CHILI-M,Chili Heat Chips,Spicy Chili,300,20930,20026,68.5,436,6180.0,172.2,482,3,71,Changeover,OP101,SUP07,14
2025-12-02,Night,22:00:00,CHEESE-L,Cheese Delight Chips,Cheddar,100,14374,13799,58.2,373,1446.1,66.2,199,15,93,QC Hold,OP104,SUP01,27
2025-12-27,Afternoon,14:00:00,CHEESE-L,Cheese Delight Chips,Cheddar,300,24221,23107,66.2,357,7284.7,352.6,624,99,35,Cleaning,OP113,SUP05,8
2025-12-30,Afternoon,14:00:00,SALT-S,Classic Salted Chips,Classic Salt,200,22912,22409,61.3,441,4561.3,79.5,307,51,84,Material Shortage,OP114,SUP04,45
2025-12-23,Night,22:00:00,MASALA-M,Masala Magic Chips,Indian Masala,150,22371,21186,69.8,350,3344.9,167.0,248,75,62,Equipment Failure,OP111,SUP02,16
2025-12-06,Night,22:00:00,CHILI-M,Chili Heat Chips,Spicy Chili,50,16180,14614,60.6,367,746.3,15.6,648,65,5,QC Hold,OP108,SUP03,7
2025-12-05,Afternoon,14:00:00,CHILI-M,Chili Heat Chips,Spicy Chili,50,22675,22098,67.3,469,1137.4,32.5,636,140,50,Changeover,OP113,SUP06,38
2025-12-08,Morning,06:00:00,CHILI-M,Chili Heat Chips,Spicy Chili,50,22882,21518,63.3,437,1112.8,36.9,407,56,118,Equipment Failure,OP111,SUP06,26
2025-12-12,Afternoon,14:00:00,LIME-S,Lime Zest Chips,Tangy Lime,300,18691,17531,66.2,466,5341.5,82.2,734,88,62,Equipment Failure,OP115,SUP04,7
2025-12-22,Afternoon,14:00:00,SALT-S,Classic Salted Chips,Classic Salt,50,16322,15024,69.5,306,795.8,44.6,433,131,107,Cleaning,OP108,SUP08,7
2025-12-10,Night,22:00:00,LIME-S,Lime Zest Chips,Tangy Lime,150,18419,16698,56.9,437,2606.3,101.6,691,16,31,Equipment Failure,OP114,SUP07,11
2025-12-07,Night,22:00:00,ONION-L,Creamy Onion Chips,Sour Onion,200,20593,19879,56.4,475,4064.9,89.1,520,84,9,Changeover,OP102,SUP01,16
2025-12-26,Afternoon,14:00:00,CHILI-M,Chili Heat Chips,Spicy Chili,50,19420,18754,73.2,404,969.2,31.5,695,103,60,QC Hold,OP101,SUP07,12
2025-12-18,Morning,06:00:00,MASALA-M,Masala Magic Chips,Indian Masala,300,11036,10599,66.7,479,3358.3,178.6,416,128,18,QC Hold,OP113,SUP05,43
2025-12-03,Afternoon,14:00:00,ONION-L,Creamy Onion Chips,Sour Onion,200,16249,15137,68.2,421,3095.6,68.2,275,34,100,Material Shortage,OP113,SUP05,45
2025-12-05,Afternoon,14:00:00,MASALA-M,Masala Magic Chips,Indian Masala,150,10182,9614,66.1,331,1466.9,24.8,636,100,73,Cleaning,OP102,SUP05,18
2025-12-24,Night,22:00:00,MASALA-M,Masala Magic Chips,Indian Masala,150,13469,12566,67.9,431,1926.1,41.2,238,56,83,QC Hold,OP104,SUP02,16
2025-12-22,Night,22:00:00,ONION-L,Creamy Onion Chips,Sour Onion,50,23949,22993,74.8,440,1192.3,42.6,612,18,42,Changeover,OP105,SUP02,17
2025-12-24,Night,22:00:00,SALT-S,Classic Salted Chips,Classic Salt,150,15851,14428,68.1,325,2226.2,62.0,121,49,45,Material Shortage,OP108,SUP06,44
2025-12-22,Afternoon,14:00:00,MASALA-M,Masala Magic Chips,Indian Masala,300,12496,11811,62.3,380,3762.0,218.7,222,1,45,Equipment Failure,OP113,SUP04,32
2025-12-09,Afternoon,14:00:00,LIME-S,Lime Zest Chips,Tangy Lime,150,24383,22880,63.9,378,3563.5,131.5,161,44,87,Cleaning,OP102,SUP05,13
2025-12-29,Night,22:00:00,LIME-S,Lime Zest Chips,Tangy Lime,150,22018,21377,56.5,319,3393.7,187.1,569,7,109,Cleaning,OP110,SUP07,42
2025-12-07,Morning,06:00:00,CHILI-M,Chili Heat Chips,Spicy Chili,150,18904,18365,65.8,467,2899.4,144.7,424,100,33,Cleaning,OP112,SUP05,13
2025-12-15,Night,22:00:00,CHILI-M,Chili Heat Chips,Spicy Chili,50,16500,15330,55.2,361,809.5,43.0,678,42,101,Cleaning,OP103,SUP08,15
2025-12-06,Night,22:00:00,CHILI-M,Chili Heat Chips,Spicy Chili,100,22057,21142,73.8,310,2168.1,53.9,549,59,13,QC Hold,OP106,SUP04,7
2025-12-22,Morning,06:00:00,CHILI-M,Chili Heat Chips,Spicy Chili,150,16358,15336,64.1,311,2339.7,39.3,714,82,18,Cleaning,OP111,SUP05,21
2025-12-19,Night,22:00:00,CHILI-M,Chili Heat Chips,Spicy Chili,100,16171,15399,62.3,467,1630.2,90.3,129,132,37,Material Shortage,OP115,SUP04,38
2025-12-13,Afternoon,14:00:00,ONION-L,Creamy Onion Chips,Sour Onion,150,17976,17318,72.7,301,2699.1,101.4,192,112,26,Equipment Failure,OP102,SUP05,18
2025-12-05,Morning,06:00:00,LIME-S,Lime Zest Chips,Tangy Lime,150,19863,19016,57.4,358,2951.7,99.3,388,29,66,Material Shortage,OP108,SUP04,42
2025-12-06,Night,22:00:00,ONION-L,Creamy Onion Chips,Sour Onion,200,10367,9532,57.6,451,1949.8,43.4,694,131,10,Cleaning,OP103,SUP01,15
2025-12-09,Morning,06:00:00,CHILI-M,Chili Heat Chips,Spicy Chili,200,19819,19373,67.8,469,4087.0,212.4,137,55,62,Cleaning,OP108,SUP08,15
2025-12-08,Afternoon,14:00:00,CHILI-M,Chili Heat Chips,Spicy Chili,100,23018,21789,70.3,459,2280.8,101.9,320,42,97,QC Hold,OP115,SUP08,43
2025-12-19,Morning,06:00:00,LIME-S,Lime Zest Chips,Tangy Lime,200,16315,14856,55.3,433,3139.7,168.5,566,107,110,Equipment Failure,OP110,SUP02,16
2025-12-16,Night,22:00:00,CHILI-M,Chili Heat Chips,Spicy Chili,50,24381,23471,65.1,330,1196.5,23.0,725,33,120,Cleaning,OP109,SUP01,32
2025-12-17,Afternoon,14:00:00,BBQ-M,BBQ Crunch Chips,Smokey BBQ,50,21430,20195,59.6,423,1063.5,53.8,440,89,80,Cleaning,OP102,SUP07,13
2025-12-09,Afternoon,14:00:00,ONION-L,Creamy Onion Chips,Sour Onion,100,24910,24130,60.7,439,2496.4,83.4,243,1,95,Changeover,OP110,SUP02,38
2025-12-01,Afternoon,14:00:00,MASALA-M,Masala Magic Chips,Indian Masala,100,21268,20509,63.2,327,2097.0,46.1,717,149,37,QC Hold,OP114,SUP07,41
2025-12-12,Night,22:00:00,BBQ-M,BBQ Crunch Chips,Smokey BBQ,200,22369,20496,66.0,442,4255.4,156.2,429,143,76,Material Shortage,OP105,SUP05,41
2025-12-12,Night,22:00:00,SALT-S,Classic Salted Chips,Classic Salt,100,24008,23266,57.4,358,2411.2,84.6,766,41,17,Equipment Failure,OP109,SUP07,26
2025-12-26,Night,22:00:00,CHILI-M,Chili Heat Chips,Spicy Chili,50,12633,11762,67.7,323,620.4,32.3,532,111,16,Changeover,OP105,SUP04,28
2025-12-03,Night,22:00:00,CHEESE-L,Cheese Delight Chips,Cheddar,200,16564,15721,65.4,452,3200.5,56.3,229,126,61,Changeover,OP104,SUP05,17
2025-12-02,Night,22:00:00,CHILI-M,Chili Heat Chips,Spicy Chili,300,21443,19696,58.4,309,6099.0,190.2,720,0,25,Changeover,OP105,SUP07,27
2025-12-22,Afternoon,14:00:00,SALT-S,Classic Salted Chips,Classic Salt,300,13281,12502,69.7,317,3974.6,224.0,612,72,97,Cleaning,OP115,SUP06,27
2025-12-27,Afternoon,14:00:00,LIME-S,Lime Zest Chips,Tangy Lime,300,13187,12348,63.1,301,3806.2,101.8,466,129,18,Cleaning,OP102,SUP05,26
2025-12-04,Night,22:00:00,BBQ-M,BBQ Crunch Chips,Smokey BBQ,300,23322,22470,60.0,413,7159.6,418.6,626,123,103,Equipment Failure,OP113,SUP06,34
2025-12-22,Afternoon,14:00:00,CHILI-M,Chili Heat Chips,Spicy Chili,50,17896,16272,56.4,462,856.9,43.3,275,58,107,QC Hold,OP107,SUP06,38
2025-12-18,Morning,06:00:00,MASALA-M,Masala Magic Chips,Indian Masala,150,14067,12983,63.0,387,1984.0,36.5,232,121,45,QC Hold,OP104,SUP05,16
2025-12-24,Night,22:00:00,LIME-S,Lime Zest Chips,Tangy Lime,200,22076,20221,69.7,367,4144.9,100.7,257,63,112,Cleaning,OP106,SUP03,11
2025-12-04,Morning,06:00:00,MASALA-M,Masala Magic Chips,Indian Masala,200,20056,18061,72.1,310,3815.0,202.8,430,80,68,Cleaning,OP114,SUP05,36
2025-12-06,Night,22:00:00,BBQ-M,BBQ Crunch Chips,Smokey BBQ,200,13638,13092,57.6,434,2759.0,140.6,539,138,9,Cleaning,OP106,SUP07,16
2025-12-15,Morning,06:00:00,MASALA-M,Masala Magic Chips,Indian Masala,300,17537,16226,55.2,472,4990.0,122.2,644,25,46,QC Hold,OP110,SUP05,16
2025-12-18,Afternoon,14:00:00,LIME-S,Lime Zest Chips,Tangy Lime,150,17722,17308,61.9,347,2697.2,101.0,265,107,94,QC Hold,OP106,SUP07,22
2025-12-15,Morning,06:00:00,CHILI-M,Chili Heat Chips,Spicy Chili,100,19435,18558,71.3,369,1955.9,100.1,618,110,114,Material Shortage,OP104,SUP03,14
2025-12-16,Morning,06:00:00,LIME-S,Lime Zest Chips,Tangy Lime,200,18185,16562,72.9,461,3444.2,131.8,787,80,105,Material Shortage,OP105,SUP05,40
2025-12-28,Night,22:00:00,CHEESE-L,Cheese Delight Chips,Cheddar,200,11621,11100,56.2,365,2304.0,84.0,694,24,62,QC Hold,OP105,SUP06,28
2025-12-18,Night,22:00:00,ONION-L,Creamy Onion Chips,Sour Onion,150,15638,14099,57.4,473,2245.9,131.1,253,147,78,Cleaning,OP103,SUP05,27
2025-12-11,Night,22:00:00,CHILI-M,Chili Heat Chips,Spicy Chili,200,22693,21760,72.8,397,4545.7,193.7,524,37,116,Equipment Failure,OP111,SUP06,31
2025-12-21,Night,22:00:00,CHILI-M,Chili Heat Chips,Spicy Chili,200,23908,23252,56.6,387,4771.0,120.6,374,74,95,QC Hold,OP110,SUP07,22
2025-12-29,Afternoon,14:00:00,ONION-L,Creamy Onion Chips,Sour Onion,150,22253,21072,74.3,405,3233.7,72.9,73,32,98,Equipment Failure,OP111,SUP05,10
2025-12-07,Morning,06:00:00,SALT-S,Classic Salted Chips,Classic Salt,50,11565,10467,72.6,440,532.6,9.2,456,134,102,Changeover,OP102,SUP05,44
2025-12-05,Morning,06:00:00,MASALA-M,Masala Magic Chips,Indian Masala,200,15068,13837,69.8,413,2892.3,124.9,184,134,112,Equipment Failure,OP101,SUP01,27
2025-12-28,Afternoon,14:00:00,ONION-L,Creamy Onion Chips,Sour Onion,200,17654,17265,65.8,369,3595.7,142.7,188,138,27,Cleaning,OP110,SUP08,45
2025-12-24,Night,22:00:00,CHILI-M,Chili Heat Chips,Spicy Chili,200,18576,17669,65.7,388,3668.3,134.5,282,22,61,QC Hold,OP106,SUP07,21
2025-12-05,Afternoon,14:00:00,CHEESE-L,Cheese Delight Chips,Cheddar,50,18574,17928,72.0,388,922.1,25.7,597,2,93,Material Shortage,OP113,SUP08,24
2025-12-01,Afternoon,14:00:00,ONION-L,Creamy Onion Chips,Sour Onion,150,19781,18168,55.1,395,2790.7,65.5,624,111,55,Equipment Failure,OP103,SUP07,29
2025-12-08,Afternoon,14:00:00,CHEESE-L,Cheese Delight Chips,Cheddar,200,20245,18608,70.3,456,3923.0,201.4,751,69,41,Cleaning,OP113,SUP05,31
2025-12-07,Morning,06:00:00,LIME-S,Lime Zest Chips,Tangy Lime,100,14744,13399,64.1,415,1377.4,37.5,687,125,29,QC Hold,OP101,SUP03,8
2025-12-18,Morning,06:00:00,LIME-S,Lime Zest Chips,Tangy Lime,50,14622,13474,69.3,302,691.3,17.6,204,3,68,Equipment Failure,OP106,SUP07,24
2025-12-26,Afternoon,14:00:00,BBQ-M,BBQ Crunch Chips,Smokey BBQ,200,21418,20632,61.6,337,4200.0,73.6,451,18,74,Material Shortage,OP103,SUP04,21
2025-12-27,Afternoon,14:00:00,ONION-L,Creamy Onion Chips,Sour Onion,50,11998,11733,69.3,398,617.3,30.6,503,63,99,Changeover,OP104,SUP08,11
2025-12-17,Night,22:00:00,LIME-S,Lime Zest Chips,Tangy Lime,200,16375,15630,61.2,382,3196.8,70.8,795,10,100,Cleaning,OP109,SUP02,21
2025-12-16,Night,22:00:00,BBQ-M,BBQ Crunch Chips,Smokey BBQ,100,15905,15443,72.3,355,1640.8,96.5,291,111,46,Changeover,OP103,SUP05,42
2025-12-04,Afternoon,14:00:00,ONION-L,Creamy Onion Chips,Sour Onion,100,10146,9917,66.6,476,1029.1,37.4,660,39,52,Changeover,OP104,SUP03,36
2025-12-03,Night,22:00:00,CHILI-M,Chili Heat Chips,Spicy Chili,150,22444,21322,56.2,465,3270.0,71.7,599,27,21,Material Shortage,OP104,SUP06,40
2025-12-26,Night,22:00:00,ONION-L,Creamy Onion Chips,Sour Onion,150,23197,22532,69.7,305,3542.8,163.0,416,34,37,Changeover,OP108,SUP08,40
2025-12-10,Night,22:00:00,MASALA-M,Masala Magic Chips,Indian Masala,200,13109,12392,65.9,382,2603.2,124.8,331,141,25,Changeover,OP109,SUP03,33
2025-12-10,Afternoon,14:00:00,CHILI-M,Chili Heat Chips,Spicy Chili,150,17439,15696,67.8,397,2473.1,118.7,69,93,104,Cleaning,OP104,SUP06,9
2025-12-22,Night,22:00:00,ONION-L,Creamy Onion Chips,Sour Onion,200,13110,12348,65.0,441,2525.0,55.4,339,82,57,QC Hold,OP102,SUP02,38
2025-12-22,Morning,06:00:00,CHEESE-L,Cheese Delight Chips,Cheddar,100,12926,12536,59.0,424,1283.9,30.3,82,146,87,Material Shortage,OP111,SUP08,38
2025-12-20,Night,22:00:00,CHILI-M,Chili Heat Chips,Spicy Chili,150,10804,10040,67.1,318,1529.8,23.8,263,125,118,Changeover,OP108,SUP01,28
2025-12-18,Night,22:00:00,SALT-S,Classic Salted Chips,Classic Salt,150,23012,22014,71.5,368,3435.4,133.3,122,77,14,Equipment Failure,OP109,SUP02,11
2025-12-24,Morning,06:00:00,CHILI-M,Chili Heat Chips,Spicy Chili,200,13104,11996,68.1,445,2507.4,108.2,233,142,100,Cleaning,OP107,SUP02,45
2025-12-19,Afternoon,14:00:00,MASALA-M,Masala Magic Chips,Indian Masala,200,21510,20503,72.7,342,4319.4,218.8,613,102,69,QC Hold,OP111,SUP03,39
2025-12-20,Afternoon,14:00:00,BBQ-M,BBQ Crunch Chips,Smokey BBQ,150,19012,18618,61.5,395,2889.7,97.0,698,110,110,QC Hold,OP110,SUP04,41
2025-12-18,Morning,06:00:00,SALT-S,Classic Salted Chips,Classic Salt,300,22199,20430,74.2,414,6507.7,378.7,50,8,41,Cleaning,OP101,SUP03,24
2025-12-01,Afternoon,14:00:00,LIME-S,Lime Zest Chips,Tangy Lime,100,24020,22223,70.4,476,2344.2,121.9,616,130,76,Cleaning,OP115,SUP03,11
2025-12-02,Afternoon,14:00:00,BBQ-M,BBQ Crunch Chips,Smokey BBQ,100,12267,11300,72.8,363,1159.6,29.6,357,23,78,Material Shortage,OP110,SUP04,9
2025-12-24,Afternoon,14:00:00,ONION-L,Creamy Onion Chips,Sour Onion,200,12832,12050,73.0,479,2512.9,102.9,147,76,9,Cleaning,OP107,SUP02,8
2025-12-30,Afternoon,14:00:00,BBQ-M,BBQ Crunch Chips,Smokey BBQ,200,16824,16393,57.4,358,3446.2,167.6,666,2,86,Material Shortage,OP101,SUP05,38
2025-12-02,Afternoon,14:00:00,CHILI-M,Chili Heat Chips,Spicy Chili,300,12450,11530,69.0,339,3519.8,60.8,799,100,62,Cleaning,OP110,SUP02,19
2025-12-14,Afternoon,14:00:00,ONION-L,Creamy Onion Chips,Sour Onion,200,12425,11313,56.7,446,2378.0,115.4,611,102,38,Changeover,OP107,SUP07,13
2025-12-25,Morning,06:00:00,SALT-S,Classic Salted Chips,Classic Salt,300,13245,12437,68.0,350,3887.6,156.5,586,63,36,Changeover,OP105,SUP07,25
2025-12-22,Night,22:00:00,CHEESE-L,Cheese Delight Chips,Cheddar,50,21005,19599,62.3,348,1009.7,29.8,658,6,103,QC Hold,OP103,SUP06,44
2025-12-27,Afternoon,14:00:00,CHILI-M,Chili Heat Chips,Spicy Chili,100,17216,15556,71.4,351,1630.3,74.7,209,21,19,Changeover,OP104,SUP03,23
2025-12-01,Afternoon,14:00:00,MASALA-M,Masala Magic Chips,Indian Masala,50,14999,14039,55.5,353,737.6,35.6,266,52,74,Cleaning,OP113,SUP05,40
2025-12-16,Night,22:00:00,MASALA-M,Masala Magic Chips,Indian Masala,100,21388,20444,55.4,449,2165.2,120.8,589,11,37,Equipment Failure,OP101,SUP05,17
2025-12-26,Night,22:00:00,CHILI-M,Chili Heat Chips,Spicy Chili,150,10869,10186,73.9,317,1579.2,51.3,327,92,115,Changeover,OP101,SUP05,29
2025-12-08,Afternoon,14:00:00,CHILI-M,Chili Heat Chips,Spicy Chili,50,24809,22954,72.3,436,1169.9,22.2,253,128,63,Cleaning,OP115,SUP01,7
2025-12-08,Night,22:00:00,BBQ-M,BBQ Crunch Chips,Smokey BBQ,150,18027,16791,58.1,388,2639.5,120.8,413,77,35,Cleaning,OP105,SUP01,45
2025-12-09,Afternoon,14:00:00,ONION-L,Creamy Onion Chips,Sour Onion,50,19092,18632,59.5,387,986.2,54.6,722,35,16,Material Shortage,OP109,SUP04,31
2025-12-08,Night,22:00:00,LIME-S,Lime Zest Chips,Tangy Lime,200,15118,14706,61.6,438,3004.1,62.9,718,35,79,Cleaning,OP111,SUP04,13
2025-12-10,Night,22:00:00,MASALA-M,Masala Magic Chips,Indian Masala,300,24902,22681,74.9,337,7121.4,317.1,628,40,45,Changeover,OP109,SUP02,16
